{"cameraMode":{"drawMode":0,"name":"Shaded","section":"Shading Mode"},"sceneLighting":false,"audioPlay":false,"sceneViewState":{"showFog":true,"showMaterialUpdate":false,"showSkybox":true,"showFlares":true,"showImageEffects":true,"showParticleSystems":true},"in2DMode":false,"pivot":{"x":-687.8833618164063,"y":290.59088134765627,"z":1987.8507080078125},"rotation":{"x":-0.21280843019485475,"y":-0.40126916766166689,"z":0.09641698747873306,"w":-0.8856702446937561},"size":36.1469841003418,"orthographic":false}